Team,Week 1,Team,Week 2,Team,Week 3,Team,Week 4,Team,Week 5,Team,Week 6,Team,Week 7,Team,Week 8,Team,Week 9,Team,Week 10,Team,Week 11,Team,Week 12,Team,Week 13,Team,Week 14,Team,Week 15,Team,Week 16
Air Force,0,Air Force,0,Air Force,0,Air Force,0,Air Force,0,Air Force,0,Air Force,0,Air Force,0,Air Force,0,Air Force,0,Air Force,0,Air Force,0,Air Force,0,Air Force,0,Air Force,0,Air Force,0
Akron,0,Akron,0,Akron,0,Akron,0,Akron,0,Akron,0,Akron,0,Akron,0,Akron,0,Akron,0,Akron,0,Akron,0,Akron,0,Akron,0,Akron,0,Akron,0
Alabama,1621,Alabama,1571,Alabama,1571,Alabama,1572,Alabama,1597,Alabama,1597,Alabama,1597,Alabama,1597,Alabama,1548,Alabama,1598,Alabama,1599,Alabama,1624,Alabama,1599,Alabama,1599,Alabama,1598,Alabama,1536
Appalachian State,16,Appalachian State,9,Appalachian State,12,Appalachian State,13,Appalachian State,25,Appalachian State,34,Appalachian State,38,Appalachian State,55,Appalachian State,78,Appalachian State,0,Appalachian State,2,Appalachian State,14,Appalachian State,18,Appalachian State,14,Appalachian State,32,Appalachian State,56
Arizona,2,Arizona,0,Arizona,0,Arizona,0,Arizona,0,Arizona,0,Arizona,0,Arizona,0,Arizona,0,Arizona,0,Arizona,0,Arizona,0,Arizona,0,Arizona,0,Arizona,0,Arizona,0
Arizona State,0,Arizona State,0,Arizona State,92,Arizona State,3,Arizona State,8,Arizona State,8,Arizona State,0,Arizona State,0,Arizona State,0,Arizona State,0,Arizona State,0,Arizona State,2,Arizona State,0,Arizona State,0,Arizona State,0,Arizona State,0
Arkansas,0,Arkansas,6,Arkansas,0,Arkansas,0,Arkansas,0,Arkansas,0,Arkansas,0,Arkansas,0,Arkansas,0,Arkansas,0,Arkansas,0,Arkansas,0,Arkansas,0,Arkansas,0,Arkansas,0,Arkansas,0
Arkansas State,19,Arkansas State,5,Arkansas State,1,Arkansas State,2,Arkansas State,3,Arkansas State,0,Arkansas State,0,Arkansas State,0,Arkansas State,0,Arkansas State,0,Arkansas State,0,Arkansas State,0,Arkansas State,0,Arkansas State,0,Arkansas State,0,Arkansas State,0
Army,1,Army,0,Army,0,Army,0,Army,4,Army,4,Army,1,Army,4,Army,8,Army,13,Army,34,Army,58,Army,97,Army,119,Army,114,Army,333
Auburn,1004,Auburn,1219,Auburn,1221,Auburn,921,Auburn,997,Auburn,1049,Auburn,357,Auburn,4,Auburn,13,Auburn,21,Auburn,106,Auburn,19,Auburn,20,Auburn,0,Auburn,0,Auburn,27
Ball State,0,Ball State,0,Ball State,0,Ball State,0,Ball State,0,Ball State,0,Ball State,0,Ball State,0,Ball State,0,Ball State,0,Ball State,0,Ball State,0,Ball State,0,Ball State,0,Ball State,0,Ball State,0
Baylor,0,Baylor,0,Baylor,0,Baylor,0,Baylor,0,Baylor,0,Baylor,0,Baylor,0,Baylor,0,Baylor,0,Baylor,0,Baylor,0,Baylor,0,Baylor,0,Baylor,0,Baylor,0
Boise State,261,Boise State,362,Boise State,507,Boise State,114,Boise State,145,Boise State,160,Boise State,6,Boise State,0,Boise State,0,Boise State,2,Boise State,12,Boise State,129,Boise State,297,Boise State,375,Boise State,122,Boise State,165
Boston College,23,Boston College,21,Boston College,37,Boston College,109,Boston College,8,Boston College,9,Boston College,0,Boston College,1,Boston College,0,Boston College,171,Boston College,580,Boston College,309,Boston College,22,Boston College,0,Boston College,0,Boston College,0
Bowling Green,0,Bowling Green,0,Bowling Green,0,Bowling Green,0,Bowling Green,0,Bowling Green,0,Bowling Green,0,Bowling Green,0,Bowling Green,0,Bowling Green,0,Bowling Green,0,Bowling Green,0,Bowling Green,0,Bowling Green,0,Bowling Green,0,Bowling Green,0
Buffalo,0,Buffalo,0,Buffalo,0,Buffalo,0,Buffalo,2,Buffalo,0,Buffalo,0,Buffalo,1,Buffalo,9,Buffalo,14,Buffalo,22,Buffalo,56,Buffalo,1,Buffalo,3,Buffalo,1,Buffalo,0
BYU,0,BYU,0,BYU,0,BYU,30,BYU,141,BYU,4,BYU,0,BYU,0,BYU,0,BYU,0,BYU,0,BYU,0,BYU,0,BYU,0,BYU,0,BYU,0
California,0,California,0,California,0,California,11,California,38,California,5,California,0,California,0,California,0,California,0,California,0,California,0,California,0,California,1,California,0,California,0
Central Michigan,0,Central Michigan,0,Central Michigan,0,Central Michigan,0,Central Michigan,0,Central Michigan,0,Central Michigan,0,Central Michigan,0,Central Michigan,0,Central Michigan,0,Central Michigan,0,Central Michigan,0,Central Michigan,0,Central Michigan,0,Central Michigan,0,Central Michigan,0
Charlotte,0,Charlotte,0,Charlotte,0,Charlotte,0,Charlotte,0,Charlotte,0,Charlotte,0,Charlotte,0,Charlotte,0,Charlotte,0,Charlotte,0,Charlotte,0,Charlotte,0,Charlotte,0,Charlotte,0,Charlotte,0
Cincinnati,0,Cincinnati,3,Cincinnati,11,Cincinnati,10,Cincinnati,22,Cincinnati,42,Cincinnati,133,Cincinnati,248,Cincinnati,30,Cincinnati,116,Cincinnati,207,Cincinnati,383,Cincinnati,74,Cincinnati,82,Cincinnati,62,Cincinnati,186
Clemson,1547,Clemson,1498,Clemson,1481,Clemson,1477,Clemson,1497,Clemson,1417,Clemson,1433,Clemson,1484,Clemson,1488,Clemson,1537,Clemson,1537,Clemson,1561,Clemson,1535,Clemson,1536,Clemson,1538,Clemson,1600
Coastal Carolina,0,Coastal Carolina,0,Coastal Carolina,0,Coastal Carolina,0,Coastal Carolina,0,Coastal Carolina,0,Coastal Carolina,0,Coastal Carolina,0,Coastal Carolina,0,Coastal Carolina,0,Coastal Carolina,0,Coastal Carolina,0,Coastal Carolina,0,Coastal Carolina,0,Coastal Carolina,0,Coastal Carolina,0
Colorado,0,Colorado,0,Colorado,20,Colorado,41,Colorado,73,Colorado,170,Colorado,513,Colorado,141,Colorado,9,Colorado,0,Colorado,0,Colorado,0,Colorado,0,Colorado,0,Colorado,0,Colorado,0
Colorado State,0,Colorado State,0,Colorado State,0,Colorado State,0,Colorado State,0,Colorado State,0,Colorado State,0,Colorado State,0,Colorado State,0,Colorado State,0,Colorado State,0,Colorado State,0,Colorado State,0,Colorado State,0,Colorado State,0,Colorado State,0
Connecticut,0,Connecticut,0,Connecticut,0,Connecticut,0,Connecticut,0,Connecticut,0,Connecticut,0,Connecticut,0,Connecticut,0,Connecticut,0,Connecticut,0,Connecticut,0,Connecticut,0,Connecticut,0,Connecticut,0,Connecticut,0
Duke,5,Duke,9,Duke,13,Duke,55,Duke,170,Duke,5,Duke,8,Duke,60,Duke,8,Duke,3,Duke,11,Duke,38,Duke,7,Duke,0,Duke,0,Duke,1
East Carolina,0,East Carolina,0,East Carolina,0,East Carolina,0,East Carolina,0,East Carolina,0,East Carolina,0,East Carolina,0,East Carolina,0,East Carolina,0,East Carolina,0,East Carolina,0,East Carolina,0,East Carolina,0,East Carolina,0,East Carolina,0
Eastern Michigan,0,Eastern Michigan,0,Eastern Michigan,0,Eastern Michigan,0,Eastern Michigan,0,Eastern Michigan,0,Eastern Michigan,0,Eastern Michigan,0,Eastern Michigan,0,Eastern Michigan,0,Eastern Michigan,0,Eastern Michigan,0,Eastern Michigan,0,Eastern Michigan,0,Eastern Michigan,0,Eastern Michigan,0
Florida,135,Florida,138,Florida,0,Florida,3,Florida,29,Florida,105,Florida,633,Florida,918,Florida,968,Florida,743,Florida,340,Florida,604,Florida,748,Florida,937,Florida,976,Florida,1192
Florida Atlantic,27,Florida Atlantic,0,Florida Atlantic,0,Florida Atlantic,0,Florida Atlantic,0,Florida Atlantic,0,Florida Atlantic,0,Florida Atlantic,0,Florida Atlantic,0,Florida Atlantic,0,Florida Atlantic,0,Florida Atlantic,0,Florida Atlantic,0,Florida Atlantic,0,Florida Atlantic,0,Florida Atlantic,0
Florida Intl,0,Florida Intl,0,Florida Intl,0,Florida Intl,0,Florida Intl,0,Florida Intl,0,Florida Intl,0,Florida Intl,0,Florida Intl,0,Florida Intl,6,Florida Intl,0,Florida Intl,0,Florida Intl,0,Florida Intl,0,Florida Intl,0,Florida Intl,0
Florida State,328,Florida State,46,Florida State,17,Florida State,0,Florida State,0,Florida State,0,Florida State,0,Florida State,0,Florida State,0,Florida State,0,Florida State,0,Florida State,0,Florida State,0,Florida State,0,Florida State,0,Florida State,0
Fresno State,4,Fresno State,7,Fresno State,0,Fresno State,1,Fresno State,0,Fresno State,1,Fresno State,1,Fresno State,6,Fresno State,22,Fresno State,191,Fresno State,490,Fresno State,64,Fresno State,119,Fresno State,157,Fresno State,357,Fresno State,497
Georgia,1452,Georgia,1414,Georgia,1437,Georgia,1436,Georgia,1473,Georgia,1490,Georgia,1496,Georgia,1163,Georgia,1207,Georgia,1295,Georgia,1347,Georgia,1369,Georgia,1347,Georgia,1398,Georgia,1316,Georgia,1147
Georgia Southern,0,Georgia Southern,0,Georgia Southern,0,Georgia Southern,0,Georgia Southern,0,Georgia Southern,0,Georgia Southern,0,Georgia Southern,0,Georgia Southern,2,Georgia Southern,32,Georgia Southern,0,Georgia Southern,0,Georgia Southern,1,Georgia Southern,1,Georgia Southern,1,Georgia Southern,7
Georgia State,0,Georgia State,0,Georgia State,0,Georgia State,0,Georgia State,0,Georgia State,0,Georgia State,0,Georgia State,0,Georgia State,0,Georgia State,0,Georgia State,0,Georgia State,0,Georgia State,10,Georgia State,0,Georgia State,0,Georgia State,0
Georgia Tech,0,Georgia Tech,1,Georgia Tech,0,Georgia Tech,0,Georgia Tech,0,Georgia Tech,0,Georgia Tech,0,Georgia Tech,0,Georgia Tech,0,Georgia Tech,0,Georgia Tech,0,Georgia Tech,0,Georgia Tech,0,Georgia Tech,0,Georgia Tech,0,Georgia Tech,0
Hawai'i,0,Hawai'i,4,Hawai'i,10,Hawai'i,0,Hawai'i,0,Hawai'i,0,Hawai'i,6,Hawai'i,0,Hawai'i,0,Hawai'i,0,Hawai'i,0,Hawai'i,0,Hawai'i,0,Hawai'i,0,Hawai'i,0,Hawai'i,0
Houston,2,Houston,4,Houston,46,Houston,2,Houston,0,Houston,0,Houston,0,Houston,7,Houston,30,Houston,380,Houston,41,Houston,0,Houston,0,Houston,0,Houston,0,Houston,0
Illinois,0,Illinois,0,Illinois,0,Illinois,0,Illinois,0,Illinois,0,Illinois,0,Illinois,0,Illinois,0,Illinois,0,Illinois,0,Illinois,0,Illinois,0,Illinois,0,Illinois,0,Illinois,0
Indiana,0,Indiana,0,Indiana,0,Indiana,0,Indiana,0,Indiana,0,Indiana,0,Indiana,0,Indiana,0,Indiana,0,Indiana,0,Indiana,0,Indiana,0,Indiana,0,Indiana,0,Indiana,0
Iowa,8,Iowa,9,Iowa,15,Iowa,36,Iowa,23,Iowa,23,Iowa,89,Iowa,218,Iowa,447,Iowa,356,Iowa,87,Iowa,0,Iowa,12,Iowa,20,Iowa,19,Iowa,102
Iowa State,8,Iowa State,6,Iowa State,0,Iowa State,0,Iowa State,0,Iowa State,0,Iowa State,0,Iowa State,3,Iowa State,0,Iowa State,6,Iowa State,151,Iowa State,403,Iowa State,85,Iowa State,103,Iowa State,87,Iowa State,29
Kansas,0,Kansas,0,Kansas,0,Kansas,0,Kansas,0,Kansas,0,Kansas,0,Kansas,0,Kansas,0,Kansas,0,Kansas,0,Kansas,0,Kansas,0,Kansas,0,Kansas,0,Kansas,0
Kansas State,35,Kansas State,4,Kansas State,0,Kansas State,0,Kansas State,0,Kansas State,0,Kansas State,0,Kansas State,0,Kansas State,0,Kansas State,0,Kansas State,0,Kansas State,0,Kansas State,0,Kansas State,0,Kansas State,0,Kansas State,0
Kent State,0,Kent State,0,Kent State,0,Kent State,0,Kent State,0,Kent State,0,Kent State,0,Kent State,0,Kent State,0,Kent State,0,Kent State,0,Kent State,0,Kent State,0,Kent State,0,Kent State,0,Kent State,0
Kentucky,8,Kentucky,13,Kentucky,34,Kentucky,98,Kentucky,531,Kentucky,690,Kentucky,381,Kentucky,589,Kentucky,689,Kentucky,932,Kentucky,761,Kentucky,318,Kentucky,502,Kentucky,634,Kentucky,696,Kentucky,945
Liberty,0,Liberty,0,Liberty,0,Liberty,0,Liberty,0,Liberty,0,Liberty,0,Liberty,0,Liberty,0,Liberty,0,Liberty,0,Liberty,0,Liberty,0,Liberty,0,Liberty,0,Liberty,0
Louisiana,0,Louisiana,0,Louisiana,0,Louisiana,0,Louisiana,0,Louisiana,0,Louisiana,0,Louisiana,0,Louisiana,0,Louisiana,0,Louisiana,0,Louisiana,0,Louisiana,0,Louisiana,0,Louisiana,0,Louisiana,0
Louisiana Monroe,0,Louisiana Monroe,0,Louisiana Monroe,0,Louisiana Monroe,0,Louisiana Monroe,0,Louisiana Monroe,0,Louisiana Monroe,0,Louisiana Monroe,0,Louisiana Monroe,0,Louisiana Monroe,0,Louisiana Monroe,0,Louisiana Monroe,0,Louisiana Monroe,0,Louisiana Monroe,0,Louisiana Monroe,0,Louisiana Monroe,0
Louisiana Tech,0,Louisiana Tech,0,Louisiana Tech,0,Louisiana Tech,0,Louisiana Tech,0,Louisiana Tech,2,Louisiana Tech,0,Louisiana Tech,0,Louisiana Tech,0,Louisiana Tech,0,Louisiana Tech,0,Louisiana Tech,0,Louisiana Tech,0,Louisiana Tech,0,Louisiana Tech,0,Louisiana Tech,0
Louisville,3,Louisville,0,Louisville,0,Louisville,0,Louisville,0,Louisville,0,Louisville,0,Louisville,0,Louisville,0,Louisville,0,Louisville,0,Louisville,0,Louisville,0,Louisville,0,Louisville,0,Louisville,0
LSU,254,LSU,724,LSU,850,LSU,1171,LSU,1234,LSU,1285,LSU,858,LSU,1303,LSU,1352,LSU,1403,LSU,1063,LSU,1078,LSU,1115,LSU,821,LSU,899,LSU,1186
Marshall,0,Marshall,0,Marshall,0,Marshall,0,Marshall,0,Marshall,0,Marshall,0,Marshall,0,Marshall,0,Marshall,0,Marshall,0,Marshall,0,Marshall,0,Marshall,0,Marshall,0,Marshall,0
Maryland,0,Maryland,2,Maryland,9,Maryland,0,Maryland,9,Maryland,14,Maryland,0,Maryland,0,Maryland,0,Maryland,0,Maryland,0,Maryland,0,Maryland,0,Maryland,0,Maryland,0,Maryland,0
Memphis,23,Memphis,27,Memphis,3,Memphis,0,Memphis,0,Memphis,0,Memphis,0,Memphis,0,Memphis,0,Memphis,0,Memphis,0,Memphis,0,Memphis,0,Memphis,6,Memphis,0,Memphis,0
Miami,1091,Miami,277,Miami,296,Miami,373,Miami,554,Miami,587,Miami,657,Miami,124,Miami,95,Miami,38,Miami,0,Miami,0,Miami,0,Miami,0,Miami,0,Miami,0
Miami (OH),0,Miami (OH),0,Miami (OH),0,Miami (OH),0,Miami (OH),0,Miami (OH),0,Miami (OH),0,Miami (OH),0,Miami (OH),0,Miami (OH),0,Miami (OH),0,Miami (OH),0,Miami (OH),0,Miami (OH),0,Miami (OH),0,Miami (OH),0
Michigan,752,Michigan,227,Michigan,270,Michigan,354,Michigan,603,Michigan,627,Michigan,846,Michigan,1149,Michigan,1228,Michigan,1295,Michigan,1390,Michigan,1415,Michigan,1387,Michigan,1041,Michigan,1122,Michigan,780
Michigan State,870,Michigan State,733,Michigan State,152,Michigan State,141,Michigan State,376,Michigan State,376,Michigan State,1,Michigan State,98,Michigan State,1,Michigan State,48,Michigan State,144,Michigan State,20,Michigan State,0,Michigan State,0,Michigan State,0,Michigan State,0
Middle Tennessee,0,Middle Tennessee,0,Middle Tennessee,0,Middle Tennessee,0,Middle Tennessee,0,Middle Tennessee,0,Middle Tennessee,0,Middle Tennessee,0,Middle Tennessee,0,Middle Tennessee,0,Middle Tennessee,0,Middle Tennessee,0,Middle Tennessee,0,Middle Tennessee,0,Middle Tennessee,0,Middle Tennessee,0
Minnesota,0,Minnesota,0,Minnesota,0,Minnesota,3,Minnesota,0,Minnesota,0,Minnesota,0,Minnesota,0,Minnesota,0,Minnesota,0,Minnesota,0,Minnesota,0,Minnesota,0,Minnesota,0,Minnesota,0,Minnesota,0
Mississippi State,407,Mississippi State,531,Mississippi State,650,Mississippi State,780,Mississippi State,311,Mississippi State,13,Mississippi State,67,Mississippi State,110,Mississippi State,18,Mississippi State,226,Mississippi State,567,Mississippi State,219,Mississippi State,397,Mississippi State,460,Mississippi State,501,Mississippi State,107
Missouri,0,Missouri,0,Missouri,8,Missouri,21,Missouri,14,Missouri,21,Missouri,0,Missouri,0,Missouri,0,Missouri,0,Missouri,2,Missouri,13,Missouri,27,Missouri,33,Missouri,61,Missouri,14
Navy,0,Navy,0,Navy,0,Navy,0,Navy,0,Navy,0,Navy,0,Navy,0,Navy,0,Navy,0,Navy,0,Navy,0,Navy,0,Navy,0,Navy,0,Navy,0
NC State,22,NC State,9,NC State,16,NC State,19,NC State,61,NC State,121,NC State,413,NC State,637,NC State,222,NC State,40,NC State,327,NC State,37,NC State,51,NC State,55,NC State,63,NC State,2
Nebraska,0,Nebraska,0,Nebraska,0,Nebraska,0,Nebraska,0,Nebraska,0,Nebraska,0,Nebraska,0,Nebraska,0,Nebraska,0,Nebraska,0,Nebraska,0,Nebraska,0,Nebraska,0,Nebraska,0,Nebraska,0
Nevada,0,Nevada,0,Nevada,0,Nevada,0,Nevada,0,Nevada,0,Nevada,0,Nevada,0,Nevada,0,Nevada,0,Nevada,0,Nevada,0,Nevada,0,Nevada,0,Nevada,0,Nevada,0
New Mexico,0,New Mexico,0,New Mexico,0,New Mexico,0,New Mexico,0,New Mexico,0,New Mexico,0,New Mexico,0,New Mexico,0,New Mexico,0,New Mexico,0,New Mexico,0,New Mexico,0,New Mexico,0,New Mexico,0,New Mexico,0
New Mexico State,0,New Mexico State,0,New Mexico State,0,New Mexico State,0,New Mexico State,0,New Mexico State,0,New Mexico State,0,New Mexico State,0,New Mexico State,0,New Mexico State,0,New Mexico State,0,New Mexico State,0,New Mexico State,0,New Mexico State,0,New Mexico State,0,New Mexico State,0
North Carolina,0,North Carolina,0,North Carolina,0,North Carolina,0,North Carolina,0,North Carolina,0,North Carolina,0,North Carolina,0,North Carolina,0,North Carolina,0,North Carolina,0,North Carolina,0,North Carolina,0,North Carolina,0,North Carolina,0,North Carolina,0
North Texas,0,North Texas,0,North Texas,0,North Texas,5,North Texas,17,North Texas,0,North Texas,0,North Texas,3,North Texas,0,North Texas,0,North Texas,1,North Texas,0,North Texas,0,North Texas,0,North Texas,0,North Texas,0
Northern Illinois,1,Northern Illinois,0,Northern Illinois,0,Northern Illinois,0,Northern Illinois,0,Northern Illinois,0,Northern Illinois,0,Northern Illinois,0,Northern Illinois,0,Northern Illinois,0,Northern Illinois,0,Northern Illinois,0,Northern Illinois,0,Northern Illinois,0,Northern Illinois,0,Northern Illinois,0
Northwestern,67,Northwestern,87,Northwestern,0,Northwestern,0,Northwestern,0,Northwestern,0,Northwestern,0,Northwestern,0,Northwestern,0,Northwestern,40,Northwestern,1,Northwestern,87,Northwestern,302,Northwestern,363,Northwestern,159,Northwestern,375
Notre Dame,892,Notre Dame,1077,Notre Dame,1029,Notre Dame,1083,Notre Dame,1135,Notre Dame,1246,Notre Dame,1348,Notre Dame,1408,Notre Dame,1409,Notre Dame,1458,Notre Dame,1464,Notre Dame,1490,Notre Dame,1470,Notre Dame,1469,Notre Dame,1460,Notre Dame,1316
Ohio,0,Ohio,0,Ohio,0,Ohio,0,Ohio,0,Ohio,0,Ohio,0,Ohio,0,Ohio,0,Ohio,0,Ohio,0,Ohio,0,Ohio,0,Ohio,0,Ohio,0,Ohio,0
Ohio State,1458,Ohio State,1398,Ohio State,1391,Ohio State,1405,Ohio State,1431,Ohio State,1467,Ohio State,1476,Ohio State,1518,Ohio State,1030,Ohio State,1096,Ohio State,1109,Ohio State,1135,Ohio State,1091,Ohio State,1292,Ohio State,1326,Ohio State,1437
Oklahoma,1288,Oklahoma,1312,Oklahoma,1319,Oklahoma,1339,Oklahoma,1300,Oklahoma,1313,Oklahoma,903,Oklahoma,1019,Oklahoma,1075,Oklahoma,1190,Oklahoma,1272,Oklahoma,1273,Oklahoma,1252,Oklahoma,1324,Oklahoma,1375,Oklahoma,1415
Oklahoma State,168,Oklahoma State,225,Oklahoma State,325,Oklahoma State,672,Oklahoma State,199,Oklahoma State,255,Oklahoma State,0,Oklahoma State,0,Oklahoma State,0,Oklahoma State,31,Oklahoma State,0,Oklahoma State,0,Oklahoma State,3,Oklahoma State,0,Oklahoma State,0,Oklahoma State,0
Old Dominion,0,Old Dominion,0,Old Dominion,0,Old Dominion,0,Old Dominion,0,Old Dominion,0,Old Dominion,0,Old Dominion,0,Old Dominion,0,Old Dominion,0,Old Dominion,0,Old Dominion,0,Old Dominion,0,Old Dominion,0,Old Dominion,0,Old Dominion,0
Ole Miss,0,Ole Miss,0,Ole Miss,0,Ole Miss,0,Ole Miss,0,Ole Miss,0,Ole Miss,0,Ole Miss,0,Ole Miss,0,Ole Miss,0,Ole Miss,0,Ole Miss,0,Ole Miss,0,Ole Miss,0,Ole Miss,0,Ole Miss,0
Oregon,105,Oregon,136,Oregon,255,Oregon,384,Oregon,281,Oregon,453,Oregon,558,Oregon,927,Oregon,383,Oregon,20,Oregon,51,Oregon,0,Oregon,0,Oregon,3,Oregon,5,Oregon,18
Oregon State,0,Oregon State,0,Oregon State,0,Oregon State,0,Oregon State,0,Oregon State,0,Oregon State,0,Oregon State,0,Oregon State,0,Oregon State,0,Oregon State,0,Oregon State,0,Oregon State,0,Oregon State,0,Oregon State,0,Oregon State,0
Penn State,1050,Penn State,893,Penn State,930,Penn State,1070,Penn State,1108,Penn State,1002,Penn State,1136,Penn State,604,Penn State,606,Penn State,791,Penn State,375,Penn State,646,Penn State,742,Penn State,889,Penn State,889,Penn State,581
Pittsburgh,0,Pittsburgh,0,Pittsburgh,0,Pittsburgh,0,Pittsburgh,0,Pittsburgh,0,Pittsburgh,0,Pittsburgh,0,Pittsburgh,0,Pittsburgh,3,Pittsburgh,10,Pittsburgh,30,Pittsburgh,90,Pittsburgh,13,Pittsburgh,0,Pittsburgh,0
Purdue,0,Purdue,0,Purdue,0,Purdue,0,Purdue,0,Purdue,0,Purdue,0,Purdue,0,Purdue,7,Purdue,0,Purdue,13,Purdue,0,Purdue,0,Purdue,0,Purdue,0,Purdue,0
Rice,0,Rice,0,Rice,0,Rice,0,Rice,0,Rice,0,Rice,0,Rice,0,Rice,0,Rice,0,Rice,0,Rice,0,Rice,0,Rice,0,Rice,0,Rice,0
Rutgers,0,Rutgers,0,Rutgers,0,Rutgers,0,Rutgers,0,Rutgers,0,Rutgers,0,Rutgers,0,Rutgers,0,Rutgers,0,Rutgers,0,Rutgers,0,Rutgers,0,Rutgers,0,Rutgers,0,Rutgers,0
San Diego State,15,San Diego State,1,San Diego State,0,San Diego State,3,San Diego State,6,San Diego State,9,San Diego State,25,San Diego State,71,San Diego State,62,San Diego State,16,San Diego State,15,San Diego State,10,San Diego State,0,San Diego State,0,San Diego State,0,San Diego State,0
San José State,0,San José State,0,San José State,0,San José State,0,San José State,0,San José State,0,San José State,0,San José State,0,San José State,0,San José State,0,San José State,0,San José State,0,San José State,0,San José State,0,San José State,0,San José State,0
SMU,0,SMU,0,SMU,0,SMU,0,SMU,0,SMU,0,SMU,0,SMU,0,SMU,0,SMU,0,SMU,0,SMU,0,SMU,0,SMU,0,SMU,0,SMU,0
South Alabama,0,South Alabama,0,South Alabama,0,South Alabama,0,South Alabama,0,South Alabama,0,South Alabama,0,South Alabama,0,South Alabama,0,South Alabama,0,South Alabama,0,South Alabama,0,South Alabama,0,South Alabama,0,South Alabama,0,South Alabama,0
South Carolina,138,South Carolina,189,South Carolina,43,South Carolina,40,South Carolina,52,South Carolina,6,South Carolina,10,South Carolina,5,South Carolina,5,South Carolina,11,South Carolina,7,South Carolina,0,South Carolina,1,South Carolina,0,South Carolina,0,South Carolina,0
South Florida,6,South Florida,9,South Florida,27,South Florida,45,South Florida,113,South Florida,109,South Florida,185,South Florida,346,South Florida,390,South Florida,87,South Florida,10,South Florida,0,South Florida,0,South Florida,0,South Florida,0,South Florida,0
Southern Mississippi,0,Southern Mississippi,0,Southern Mississippi,0,Southern Mississippi,0,Southern Mississippi,0,Southern Mississippi,0,Southern Mississippi,0,Southern Mississippi,0,Southern Mississippi,0,Southern Mississippi,0,Southern Mississippi,0,Southern Mississippi,0,Southern Mississippi,0,Southern Mississippi,0,Southern Mississippi,0,Southern Mississippi,0
Stanford,768,Stanford,909,Stanford,1010,Stanford,1116,Stanford,1206,Stanford,753,Stanford,156,Stanford,147,Stanford,180,Stanford,21,Stanford,0,Stanford,0,Stanford,0,Stanford,3,Stanford,9,Stanford,38
Syracuse,0,Syracuse,0,Syracuse,0,Syracuse,11,Syracuse,83,Syracuse,48,Syracuse,6,Syracuse,0,Syracuse,3,Syracuse,183,Syracuse,625,Syracuse,849,Syracuse,432,Syracuse,499,Syracuse,505,Syracuse,720
TCU,530,TCU,699,TCU,743,TCU,508,TCU,67,TCU,40,TCU,33,TCU,0,TCU,0,TCU,0,TCU,0,TCU,0,TCU,0,TCU,0,TCU,0,TCU,0
Temple,0,Temple,0,Temple,0,Temple,0,Temple,0,Temple,0,Temple,0,Temple,0,Temple,0,Temple,0,Temple,0,Temple,0,Temple,0,Temple,0,Temple,0,Temple,0
Tennessee,0,Tennessee,0,Tennessee,0,Tennessee,2,Tennessee,0,Tennessee,0,Tennessee,0,Tennessee,0,Tennessee,0,Tennessee,0,Tennessee,0,Tennessee,1,Tennessee,0,Tennessee,0,Tennessee,0,Tennessee,0
Texas,265,Texas,0,Texas,1,Texas,9,Texas,171,Texas,342,Texas,833,Texas,1138,Texas,1146,Texas,721,Texas,433,Texas,662,Texas,816,Texas,939,Texas,776,Texas,1093
Texas A&M,67,Texas A&M,84,Texas A&M,87,Texas A&M,150,Texas A&M,29,Texas A&M,31,Texas A&M,205,Texas A&M,501,Texas A&M,583,Texas A&M,167,Texas A&M,16,Texas A&M,29,Texas A&M,57,Texas A&M,295,Texas A&M,388,Texas A&M,625
Texas State,0,Texas State,0,Texas State,0,Texas State,0,Texas State,0,Texas State,0,Texas State,0,Texas State,0,Texas State,0,Texas State,0,Texas State,0,Texas State,0,Texas State,0,Texas State,0,Texas State,0,Texas State,0
Texas Tech,0,Texas Tech,0,Texas Tech,0,Texas Tech,0,Texas Tech,56,Texas Tech,0,Texas Tech,0,Texas Tech,1,Texas Tech,8,Texas Tech,0,Texas Tech,0,Texas Tech,0,Texas Tech,0,Texas Tech,0,Texas Tech,0,Texas Tech,0
Toledo,0,Toledo,0,Toledo,0,Toledo,0,Toledo,0,Toledo,0,Toledo,0,Toledo,0,Toledo,0,Toledo,0,Toledo,0,Toledo,0,Toledo,0,Toledo,0,Toledo,0,Toledo,0
Troy,19,Troy,0,Troy,0,Troy,4,Troy,5,Troy,5,Troy,8,Troy,0,Troy,0,Troy,0,Troy,0,Troy,17,Troy,16,Troy,0,Troy,0,Troy,2
Tulane,0,Tulane,0,Tulane,0,Tulane,0,Tulane,0,Tulane,0,Tulane,0,Tulane,0,Tulane,0,Tulane,0,Tulane,0,Tulane,0,Tulane,0,Tulane,0,Tulane,0,Tulane,0
Tulsa,0,Tulsa,0,Tulsa,0,Tulsa,0,Tulsa,0,Tulsa,0,Tulsa,0,Tulsa,0,Tulsa,0,Tulsa,0,Tulsa,0,Tulsa,0,Tulsa,0,Tulsa,0,Tulsa,0,Tulsa,0
UAB,0,UAB,0,UAB,0,UAB,0,UAB,0,UAB,0,UAB,1,UAB,1,UAB,6,UAB,24,UAB,64,UAB,102,UAB,12,UAB,4,UAB,4,UAB,9
UCF,259,UCF,339,UCF,438,UCF,500,UCF,705,UCF,763,UCF,932,UCF,1034,UCF,1008,UCF,1082,UCF,1054,UCF,1042,UCF,1108,UCF,1200,UCF,1218,UCF,876
UCLA,0,UCLA,0,UCLA,0,UCLA,0,UCLA,0,UCLA,0,UCLA,0,UCLA,0,UCLA,0,UCLA,0,UCLA,0,UCLA,0,UCLA,0,UCLA,0,UCLA,0,UCLA,0
UMass,0,UMass,0,UMass,0,UMass,0,UMass,0,UMass,0,UMass,0,UMass,0,UMass,0,UMass,0,UMass,0,UMass,0,UMass,0,UMass,0,UMass,0,UMass,0
UNLV,0,UNLV,0,UNLV,0,UNLV,0,UNLV,0,UNLV,0,UNLV,0,UNLV,0,UNLV,0,UNLV,0,UNLV,0,UNLV,0,UNLV,0,UNLV,0,UNLV,0,UNLV,0
USC,691,USC,766,USC,295,USC,0,USC,8,USC,10,USC,0,USC,25,USC,0,USC,0,USC,0,USC,0,USC,0,USC,0,USC,0,USC,0
UT San Antonio,0,UT San Antonio,0,UT San Antonio,0,UT San Antonio,0,UT San Antonio,0,UT San Antonio,0,UT San Antonio,0,UT San Antonio,0,UT San Antonio,0,UT San Antonio,0,UT San Antonio,0,UT San Antonio,0,UT San Antonio,0,UT San Antonio,0,UT San Antonio,0,UT San Antonio,0
Utah,81,Utah,70,Utah,86,Utah,10,Utah,2,Utah,0,Utah,12,Utah,32,Utah,107,Utah,620,Utah,184,Utah,387,Utah,551,Utah,610,Utah,411,Utah,75
Utah State,0,Utah State,0,Utah State,0,Utah State,0,Utah State,0,Utah State,0,Utah State,11,Utah State,33,Utah State,63,Utah State,281,Utah State,565,Utah State,698,Utah State,704,Utah State,130,Utah State,125,Utah State,252
UTEP,0,UTEP,0,UTEP,0,UTEP,0,UTEP,0,UTEP,0,UTEP,0,UTEP,0,UTEP,0,UTEP,0,UTEP,0,UTEP,0,UTEP,0,UTEP,0,UTEP,0,UTEP,0
Vanderbilt,0,Vanderbilt,0,Vanderbilt,3,Vanderbilt,2,Vanderbilt,0,Vanderbilt,0,Vanderbilt,0,Vanderbilt,0,Vanderbilt,0,Vanderbilt,0,Vanderbilt,0,Vanderbilt,0,Vanderbilt,0,Vanderbilt,0,Vanderbilt,0,Vanderbilt,0
Virginia,0,Virginia,0,Virginia,0,Virginia,0,Virginia,3,Virginia,0,Virginia,0,Virginia,4,Virginia,17,Virginia,207,Virginia,0,Virginia,44,Virginia,2,Virginia,0,Virginia,0,Virginia,5
Virginia Tech,524,Virginia Tech,730,Virginia Tech,862,Virginia Tech,927,Virginia Tech,160,Virginia Tech,167,Virginia Tech,2,Virginia Tech,3,Virginia Tech,4,Virginia Tech,5,Virginia Tech,0,Virginia Tech,0,Virginia Tech,0,Virginia Tech,0,Virginia Tech,0,Virginia Tech,0
Wake Forest,0,Wake Forest,0,Wake Forest,0,Wake Forest,0,Wake Forest,0,Wake Forest,0,Wake Forest,0,Wake Forest,0,Wake Forest,0,Wake Forest,0,Wake Forest,0,Wake Forest,0,Wake Forest,0,Wake Forest,0,Wake Forest,0,Wake Forest,0
Washington,1245,Washington,800,Washington,852,Washington,909,Washington,959,Washington,1027,Washington,1148,Washington,682,Washington,729,Washington,285,Washington,463,Washington,591,Washington,687,Washington,921,Washington,1046,Washington,807
Washington State,7,Washington State,11,Washington State,21,Washington State,35,Washington State,34,Washington State,43,Washington State,113,Washington State,211,Washington State,633,Washington State,962,Washington State,1076,Washington State,1119,Washington State,1195,Washington State,829,Washington State,856,Washington State,1007
West Virginia,310,West Virginia,612,West Virginia,727,West Virginia,824,West Virginia,946,West Virginia,1055,West Virginia,1249,West Virginia,768,West Virginia,794,West Virginia,992,West Virginia,1108,West Virginia,1173,West Virginia,766,West Virginia,621,West Virginia,683,West Virginia,235
Western Kentucky,0,Western Kentucky,0,Western Kentucky,0,Western Kentucky,0,Western Kentucky,0,Western Kentucky,0,Western Kentucky,0,Western Kentucky,0,Western Kentucky,0,Western Kentucky,0,Western Kentucky,0,Western Kentucky,0,Western Kentucky,0,Western Kentucky,0,Western Kentucky,0,Western Kentucky,0
Western Michigan,0,Western Michigan,0,Western Michigan,0,Western Michigan,0,Western Michigan,0,Western Michigan,0,Western Michigan,0,Western Michigan,0,Western Michigan,0,Western Michigan,0,Western Michigan,0,Western Michigan,0,Western Michigan,0,Western Michigan,0,Western Michigan,0,Western Michigan,0
Wisconsin,1243,Wisconsin,1249,Wisconsin,1252,Wisconsin,626,Wisconsin,776,Wisconsin,797,Wisconsin,916,Wisconsin,399,Wisconsin,430,Wisconsin,41,Wisconsin,64,Wisconsin,7,Wisconsin,32,Wisconsin,1,Wisconsin,0,Wisconsin,2
Wyoming,0,Wyoming,0,Wyoming,0,Wyoming,0,Wyoming,0,Wyoming,0,Wyoming,0,Wyoming,0,Wyoming,0,Wyoming,0,Wyoming,0,Wyoming,0,Wyoming,0,Wyoming,0,Wyoming,0,Wyoming,0
